{
    "__inputs": [
      {
        "name": "DS_SN_SERVICENOW_SRIRAM",
        "label": "SN_ServiceNow_Sriram",
        "description": "",
        "type": "datasource",
        "pluginId": "yesoreyeram-servicenow-datasource",
        "pluginName": "Service Now"
      }
    ],
    "__requires": [
      {
        "type": "panel",
        "id": "bargauge",
        "name": "Bar gauge",
        "version": ""
      },
      {
        "type": "panel",
        "id": "gauge",
        "name": "Gauge",
        "version": ""
      },
      {
        "type": "grafana",
        "id": "grafana",
        "name": "Grafana",
        "version": "7.1.1"
      },
      {
        "type": "panel",
        "id": "grafana-piechart-panel",
        "name": "Pie Chart",
        "version": "1.3.9"
      },
      {
        "type": "panel",
        "id": "graph",
        "name": "Graph",
        "version": ""
      },
      {
        "type": "panel",
        "id": "stat",
        "name": "Stat",
        "version": ""
      },
      {
        "type": "panel",
        "id": "table",
        "name": "Table",
        "version": ""
      },
      {
        "type": "panel",
        "id": "text",
        "name": "Text",
        "version": "7.1.0"
      },
      {
        "type": "datasource",
        "id": "yesoreyeram-servicenow-datasource",
        "name": "Service Now",
        "version": "0.2.0"
      }
    ],
    "annotations": {
      "list": [
        {
          "builtIn": 1,
          "datasource": "-- Grafana --",
          "enable": true,
          "hide": true,
          "iconColor": "rgba(0, 211, 255, 1)",
          "name": "Annotations & Alerts",
          "type": "dashboard"
        },
        {
          "customDescription": "<a href=\"https://YOURINSTANCEID.service-now.com/incident.do?sysparm_query=number=${__data.fields[number]}\" target=\"_blank\">More Details</a>",
          "datasource": "${DS_SN_SERVICENOW_SRIRAM}",
          "descriptionField": "short_description",
          "enable": true,
          "fields": "assigned_to,assignment_group",
          "hide": false,
          "iconColor": "rgba(255, 96, 96, 1)",
          "limit": 100,
          "name": "Priority 3 incidents",
          "query": "priority<4",
          "showIn": 0,
          "startTimeField": "sys_created_on",
          "table": "incident",
          "tags": [],
          "titleField": "number",
          "type": "tags"
        }
      ]
    },
    "editable": true,
    "gnetId": null,
    "graphTooltip": 0,
    "id": null,
    "iteration": 1597771302780,
    "links": [
      {
        "icon": "question",
        "tags": [],
        "targetBlank": true,
        "title": "Help",
        "tooltip": "Servicenow plugin grafana repo",
        "type": "link",
        "url": "https://github.com/yesoreyeram/grafana-servicenow-datasource"
      }
    ],
    "panels": [
      {
        "content": "<div style=\"width:100%;text-align:center;background:white;color:black;padding:20px;\">\n  <img src=\"https://www.servicenow.com/content/dam/servicenow-assets/images/meganav/servicenow-header-logo.svg\" />\n  <h5 style=\"margin-top:20px;color:black;font-weight:bolder;\">yesoreyeram/grafana-servicenow-datasource</h5>\n</div>",
        "datasource": "${DS_SN_SERVICENOW_SRIRAM}",
        "fieldConfig": {
          "defaults": {
            "custom": {}
          },
          "overrides": []
        },
        "gridPos": {
          "h": 5,
          "w": 11,
          "x": 0,
          "y": 0
        },
        "id": 2,
        "mode": "html",
        "options": {
          "content": "<div style=\"width:100%;text-align:center;background:white;color:black;padding:20px;\">\n  <img src=\"https://www.servicenow.com/content/dam/servicenow-assets/images/meganav/servicenow-header-logo.svg\" />\n  <h5 style=\"margin-top:20px;color:black;font-weight:bolder;\">yesoreyeram/grafana-servicenow-datasource</h5>\n</div>",
          "mode": "html"
        },
        "pluginVersion": "7.1.0",
        "targets": [
          {
            "groupBy": [
              {
                "params": [
                  "$__interval"
                ],
                "type": "time"
              },
              {
                "params": [
                  "null"
                ],
                "type": "fill"
              }
            ],
            "orderByTime": "ASC",
            "policy": "default",
            "refId": "A",
            "resultFormat": "time_series",
            "select": [
              [
                {
                  "params": [
                    "value"
                  ],
                  "type": "field"
                },
                {
                  "params": [],
                  "type": "mean"
                }
              ]
            ],
            "tags": []
          }
        ],
        "timeFrom": null,
        "timeShift": null,
        "title": "",
        "type": "text"
      },
      {
        "cacheTimeout": null,
        "datasource": "${DS_SN_SERVICENOW_SRIRAM}",
        "description": "",
        "fieldConfig": {
          "defaults": {
            "custom": {
              "align": null,
              "displayMode": "color-background"
            },
            "mappings": [],
            "thresholds": {
              "mode": "absolute",
              "steps": [
                {
                  "color": "green",
                  "value": null
                },
                {
                  "color": "#EAB839",
                  "value": 5
                },
                {
                  "color": "light-red",
                  "value": 10
                }
              ]
            },
            "unit": "none"
          },
          "overrides": [
            {
              "matcher": {
                "id": "byName",
                "options": "assignment_group"
              },
              "properties": [
                {
                  "id": "custom.width",
                  "value": 233
                }
              ]
            }
          ]
        },
        "gridPos": {
          "h": 4,
          "w": 13,
          "x": 11,
          "y": 0
        },
        "id": 5,
        "interval": null,
        "links": [],
        "maxDataPoints": 3,
        "options": {
          "colorMode": "background",
          "graphMode": "area",
          "justifyMode": "auto",
          "orientation": "auto",
          "reduceOptions": {
            "calcs": [
              "mean"
            ],
            "fields": "",
            "values": true
          },
          "textMode": "value_and_name"
        },
        "pluginVersion": "7.1.1",
        "targets": [
          {
            "refId": "A",
            "servicenow": {
              "fields": [
                "opened_at,number,short_description,sys_created_by,severity,category,state,priority"
              ],
              "filters": [
                {
                  "condition": "^",
                  "field": "active",
                  "operator": "=",
                  "value": "true"
                },
                {
                  "condition": "^",
                  "field": "state",
                  "operator": "IN",
                  "value": "$State"
                }
              ],
              "groupBy": [
                "state"
              ],
              "limit": "1000",
              "orderBy": "value",
              "orderByDirection": "desc",
              "query": "",
              "resultFormat": "timeseries",
              "table": "incident",
              "type": "stats"
            }
          }
        ],
        "timeFrom": null,
        "timeShift": null,
        "title": "Open Incidents - Count by state ( with variable filter )",
        "type": "stat"
      },
      {
        "aliasColors": {},
        "bars": false,
        "dashLength": 10,
        "dashes": false,
        "datasource": "-- Grafana --",
        "fieldConfig": {
          "defaults": {
            "custom": {}
          },
          "overrides": []
        },
        "fill": 1,
        "fillGradient": 0,
        "gridPos": {
          "h": 6,
          "w": 13,
          "x": 11,
          "y": 4
        },
        "hiddenSeries": false,
        "id": 14,
        "legend": {
          "avg": false,
          "current": false,
          "max": false,
          "min": false,
          "show": true,
          "total": false,
          "values": false
        },
        "lines": true,
        "linewidth": 1,
        "nullPointMode": "null",
        "percentage": false,
        "pluginVersion": "7.1.1",
        "pointradius": 2,
        "points": false,
        "renderer": "flot",
        "seriesOverrides": [],
        "spaceLength": 10,
        "stack": false,
        "steppedLine": false,
        "targets": [
          {
            "refId": "A",
            "servicenow": {
              "fields": [
                "opened_at",
                "number",
                "short_description",
                "sys_created_by",
                "severity",
                "category",
                "state",
                "priority"
              ],
              "filters": [],
              "groupBy": [
                "state"
              ],
              "limit": 10,
              "orderBy": "opened_at",
              "orderByDirection": "desc",
              "query": "",
              "resultFormat": "table",
              "table": "incident",
              "type": "stats"
            }
          }
        ],
        "thresholds": [],
        "timeFrom": null,
        "timeRegions": [],
        "timeShift": null,
        "title": "Dummy series with annotations",
        "tooltip": {
          "shared": true,
          "sort": 0,
          "value_type": "individual"
        },
        "type": "graph",
        "xaxis": {
          "buckets": null,
          "mode": "time",
          "name": null,
          "show": true,
          "values": []
        },
        "yaxes": [
          {
            "format": "short",
            "label": null,
            "logBase": 1,
            "max": null,
            "min": null,
            "show": true
          },
          {
            "format": "short",
            "label": null,
            "logBase": 1,
            "max": null,
            "min": null,
            "show": true
          }
        ],
        "yaxis": {
          "align": false,
          "alignLevel": null
        }
      },
      {
        "aliasColors": {},
        "breakPoint": "50%",
        "cacheTimeout": null,
        "combine": {
          "label": "Others",
          "threshold": 0
        },
        "datasource": "${DS_SN_SERVICENOW_SRIRAM}",
        "description": "",
        "fieldConfig": {
          "defaults": {
            "custom": {
              "align": null,
              "displayMode": "color-background"
            },
            "mappings": [],
            "thresholds": {
              "mode": "absolute",
              "steps": [
                {
                  "color": "green",
                  "value": null
                },
                {
                  "color": "#EAB839",
                  "value": 5
                },
                {
                  "color": "light-red",
                  "value": 10
                }
              ]
            },
            "unit": "none"
          },
          "overrides": [
            {
              "matcher": {
                "id": "byName",
                "options": "assignment_group"
              },
              "properties": [
                {
                  "id": "custom.width",
                  "value": 233
                }
              ]
            }
          ]
        },
        "fontSize": "80%",
        "format": "short",
        "gridPos": {
          "h": 5,
          "w": 5,
          "x": 0,
          "y": 5
        },
        "id": 8,
        "interval": null,
        "legend": {
          "show": true,
          "values": true
        },
        "legendType": "Right side",
        "links": [],
        "maxDataPoints": 3,
        "nullPointMode": "connected",
        "pieType": "pie",
        "pluginVersion": "7.1.1",
        "strokeWidth": 1,
        "targets": [
          {
            "refId": "A",
            "servicenow": {
              "fields": [
                "opened_at,number,short_description,sys_created_by,severity,category,state,priority"
              ],
              "filters": [
                {
                  "condition": "^",
                  "field": "active",
                  "operator": "=",
                  "value": "true"
                }
              ],
              "groupBy": [
                "state"
              ],
              "limit": "1000",
              "orderBy": "value",
              "orderByDirection": "desc",
              "query": "",
              "resultFormat": "timeseries",
              "table": "incident",
              "type": "stats"
            }
          }
        ],
        "timeFrom": null,
        "timeShift": null,
        "title": "Open Incidents - Count by state",
        "type": "grafana-piechart-panel",
        "valueName": "current"
      },
      {
        "cacheTimeout": null,
        "datasource": "${DS_SN_SERVICENOW_SRIRAM}",
        "description": "",
        "fieldConfig": {
          "defaults": {
            "custom": {
              "align": null,
              "displayMode": "color-background"
            },
            "mappings": [],
            "thresholds": {
              "mode": "absolute",
              "steps": [
                {
                  "color": "green",
                  "value": null
                },
                {
                  "color": "#EAB839",
                  "value": 5
                },
                {
                  "color": "light-red",
                  "value": 10
                }
              ]
            },
            "unit": "none"
          },
          "overrides": [
            {
              "matcher": {
                "id": "byName",
                "options": "assignment_group"
              },
              "properties": [
                {
                  "id": "custom.width",
                  "value": 233
                }
              ]
            }
          ]
        },
        "gridPos": {
          "h": 5,
          "w": 6,
          "x": 5,
          "y": 5
        },
        "id": 9,
        "interval": null,
        "links": [],
        "maxDataPoints": 3,
        "options": {
          "showHeader": true
        },
        "pluginVersion": "7.1.1",
        "targets": [
          {
            "refId": "A",
            "servicenow": {
              "fields": [
                "opened_at,number,short_description,sys_created_by,severity,category,state,priority"
              ],
              "filters": [
                {
                  "condition": "^",
                  "field": "active",
                  "operator": "=",
                  "value": "true"
                }
              ],
              "groupBy": [
                "state"
              ],
              "limit": "1000",
              "orderBy": "value",
              "orderByDirection": "desc",
              "query": "",
              "resultFormat": "table",
              "table": "incident",
              "type": "stats"
            }
          }
        ],
        "timeFrom": null,
        "timeShift": null,
        "title": "Open Incidents - Count by state",
        "type": "table"
      },
      {
        "cacheTimeout": null,
        "datasource": "${DS_SN_SERVICENOW_SRIRAM}",
        "description": "",
        "fieldConfig": {
          "defaults": {
            "custom": {
              "align": null,
              "displayMode": "color-background"
            },
            "mappings": [],
            "thresholds": {
              "mode": "absolute",
              "steps": [
                {
                  "color": "green",
                  "value": null
                },
                {
                  "color": "#EAB839",
                  "value": 5
                },
                {
                  "color": "light-red",
                  "value": 10
                }
              ]
            },
            "unit": "none"
          },
          "overrides": [
            {
              "matcher": {
                "id": "byName",
                "options": "assignment_group"
              },
              "properties": [
                {
                  "id": "custom.width",
                  "value": 233
                }
              ]
            }
          ]
        },
        "gridPos": {
          "h": 5,
          "w": 11,
          "x": 0,
          "y": 10
        },
        "id": 4,
        "interval": null,
        "links": [],
        "maxDataPoints": 3,
        "options": {
          "displayMode": "lcd",
          "orientation": "horizontal",
          "reduceOptions": {
            "calcs": [
              "mean"
            ],
            "fields": "",
            "values": false
          },
          "showUnfilled": true
        },
        "pluginVersion": "7.1.1",
        "targets": [
          {
            "refId": "A",
            "servicenow": {
              "fields": [
                "opened_at,number,short_description,sys_created_by,severity,category,state,priority"
              ],
              "filters": [],
              "groupBy": [
                "state"
              ],
              "limit": "1000",
              "orderBy": "value",
              "orderByDirection": "desc",
              "query": "",
              "resultFormat": "timeseries",
              "table": "incident",
              "type": "stats"
            }
          }
        ],
        "timeFrom": null,
        "timeShift": null,
        "title": "Open Incidents - Count by state",
        "type": "bargauge"
      },
      {
        "cacheTimeout": null,
        "datasource": "${DS_SN_SERVICENOW_SRIRAM}",
        "description": "",
        "fieldConfig": {
          "defaults": {
            "custom": {
              "align": null,
              "displayMode": "color-background"
            },
            "mappings": [],
            "thresholds": {
              "mode": "absolute",
              "steps": [
                {
                  "color": "green",
                  "value": null
                },
                {
                  "color": "#EAB839",
                  "value": 5
                },
                {
                  "color": "light-red",
                  "value": 10
                }
              ]
            },
            "unit": "none"
          },
          "overrides": [
            {
              "matcher": {
                "id": "byName",
                "options": "assignment_group"
              },
              "properties": [
                {
                  "id": "custom.width",
                  "value": 233
                }
              ]
            }
          ]
        },
        "gridPos": {
          "h": 3,
          "w": 13,
          "x": 11,
          "y": 10
        },
        "id": 12,
        "interval": null,
        "links": [],
        "maxDataPoints": 3,
        "options": {
          "colorMode": "background",
          "graphMode": "area",
          "justifyMode": "auto",
          "orientation": "auto",
          "reduceOptions": {
            "calcs": [
              "mean"
            ],
            "fields": "",
            "values": true
          },
          "textMode": "value_and_name"
        },
        "pluginVersion": "7.1.1",
        "targets": [
          {
            "refId": "A",
            "servicenow": {
              "fields": [
                "opened_at,number,short_description,sys_created_by,severity,category,state,priority"
              ],
              "filters": [
                {
                  "condition": "^",
                  "field": "active",
                  "operator": "=",
                  "value": "true"
                },
                {
                  "condition": "^",
                  "field": "assignment_group.name",
                  "operator": "=",
                  "value": "$AssignmentGroup"
                }
              ],
              "groupBy": [
                "assignment_group"
              ],
              "limit": "1000",
              "orderBy": "value",
              "orderByDirection": "desc",
              "query": "",
              "resultFormat": "timeseries",
              "table": "incident",
              "type": "stats"
            }
          }
        ],
        "timeFrom": null,
        "timeShift": null,
        "title": "Open Incidents assigned to $AssignmentGroup ( with  filter )",
        "type": "stat"
      },
      {
        "aliasColors": {},
        "bars": true,
        "cacheTimeout": null,
        "dashLength": 10,
        "dashes": false,
        "datasource": "${DS_SN_SERVICENOW_SRIRAM}",
        "description": "",
        "fieldConfig": {
          "defaults": {
            "custom": {
              "align": null,
              "displayMode": "color-background"
            },
            "mappings": [],
            "thresholds": {
              "mode": "absolute",
              "steps": [
                {
                  "color": "green",
                  "value": null
                },
                {
                  "color": "#EAB839",
                  "value": 5
                },
                {
                  "color": "light-red",
                  "value": 10
                }
              ]
            },
            "unit": "none"
          },
          "overrides": [
            {
              "matcher": {
                "id": "byName",
                "options": "assignment_group"
              },
              "properties": [
                {
                  "id": "custom.width",
                  "value": 233
                }
              ]
            }
          ]
        },
        "fill": 1,
        "fillGradient": 0,
        "gridPos": {
          "h": 5,
          "w": 13,
          "x": 11,
          "y": 13
        },
        "hiddenSeries": false,
        "id": 6,
        "interval": null,
        "legend": {
          "avg": false,
          "current": false,
          "max": false,
          "min": false,
          "show": false,
          "total": false,
          "values": false
        },
        "lines": false,
        "linewidth": 1,
        "links": [],
        "maxDataPoints": 3,
        "nullPointMode": "null",
        "percentage": false,
        "pluginVersion": "7.1.1",
        "pointradius": 2,
        "points": false,
        "renderer": "flot",
        "seriesOverrides": [],
        "spaceLength": 10,
        "stack": false,
        "steppedLine": false,
        "targets": [
          {
            "refId": "A",
            "servicenow": {
              "fields": [
                "opened_at,number,short_description,sys_created_by,severity,category,state,priority"
              ],
              "filters": [
                {
                  "condition": "^",
                  "field": "active",
                  "operator": "=",
                  "value": "true"
                }
              ],
              "groupBy": [
                "state"
              ],
              "limit": "1000",
              "orderBy": "value",
              "orderByDirection": "desc",
              "query": "",
              "resultFormat": "timeseries",
              "table": "incident",
              "type": "stats"
            }
          }
        ],
        "thresholds": [],
        "timeFrom": null,
        "timeRegions": [],
        "timeShift": null,
        "title": "Open Incidents - Count by state",
        "tooltip": {
          "shared": false,
          "sort": 0,
          "value_type": "individual"
        },
        "type": "graph",
        "xaxis": {
          "buckets": null,
          "mode": "series",
          "name": null,
          "show": true,
          "values": [
            "total"
          ]
        },
        "yaxes": [
          {
            "format": "none",
            "label": null,
            "logBase": 1,
            "max": null,
            "min": null,
            "show": true
          },
          {
            "format": "short",
            "label": null,
            "logBase": 1,
            "max": null,
            "min": null,
            "show": true
          }
        ],
        "yaxis": {
          "align": false,
          "alignLevel": null
        }
      },
      {
        "cacheTimeout": null,
        "datasource": "${DS_SN_SERVICENOW_SRIRAM}",
        "description": "",
        "fieldConfig": {
          "defaults": {
            "custom": {
              "align": null,
              "displayMode": "color-background"
            },
            "mappings": [],
            "thresholds": {
              "mode": "absolute",
              "steps": [
                {
                  "color": "green",
                  "value": null
                },
                {
                  "color": "#EAB839",
                  "value": 5
                },
                {
                  "color": "light-red",
                  "value": 10
                }
              ]
            },
            "unit": "none"
          },
          "overrides": [
            {
              "matcher": {
                "id": "byName",
                "options": "assignment_group"
              },
              "properties": [
                {
                  "id": "custom.width",
                  "value": 233
                }
              ]
            }
          ]
        },
        "gridPos": {
          "h": 9,
          "w": 11,
          "x": 0,
          "y": 15
        },
        "id": 7,
        "interval": null,
        "links": [],
        "maxDataPoints": 3,
        "options": {
          "reduceOptions": {
            "calcs": [
              "mean"
            ],
            "fields": "",
            "values": false
          },
          "showThresholdLabels": false,
          "showThresholdMarkers": true
        },
        "pluginVersion": "7.1.1",
        "targets": [
          {
            "refId": "A",
            "servicenow": {
              "fields": [
                "opened_at,number,short_description,sys_created_by,severity,category,state,priority"
              ],
              "filters": [
                {
                  "condition": "^",
                  "field": "active",
                  "operator": "=",
                  "value": "true"
                }
              ],
              "groupBy": [
                "state"
              ],
              "limit": "1000",
              "orderBy": "value",
              "orderByDirection": "desc",
              "query": "",
              "resultFormat": "timeseries",
              "table": "incident",
              "type": "stats"
            }
          }
        ],
        "timeFrom": null,
        "timeShift": null,
        "title": "Open Incidents - Count by state",
        "type": "gauge"
      },
      {
        "cacheTimeout": null,
        "datasource": "${DS_SN_SERVICENOW_SRIRAM}",
        "description": "",
        "fieldConfig": {
          "defaults": {
            "custom": {
              "align": null,
              "displayMode": "color-background"
            },
            "mappings": [],
            "thresholds": {
              "mode": "absolute",
              "steps": [
                {
                  "color": "green",
                  "value": null
                },
                {
                  "color": "#EAB839",
                  "value": 5
                },
                {
                  "color": "light-red",
                  "value": 10
                }
              ]
            },
            "unit": "none"
          },
          "overrides": [
            {
              "matcher": {
                "id": "byName",
                "options": "assignment_group"
              },
              "properties": [
                {
                  "id": "custom.width",
                  "value": 233
                }
              ]
            }
          ]
        },
        "gridPos": {
          "h": 6,
          "w": 13,
          "x": 11,
          "y": 18
        },
        "id": 10,
        "interval": null,
        "links": [],
        "maxDataPoints": 3,
        "options": {
          "showHeader": true,
          "sortBy": [
            {
              "desc": true,
              "displayName": "count"
            }
          ]
        },
        "pluginVersion": "7.1.1",
        "targets": [
          {
            "refId": "A",
            "servicenow": {
              "fields": [
                "opened_at,number,short_description,sys_created_by,severity,category,state,priority"
              ],
              "filters": [
                {
                  "condition": "^",
                  "field": "active",
                  "operator": "=",
                  "value": "true"
                }
              ],
              "groupBy": [
                "assignment_group.name",
                "state"
              ],
              "limit": "1000",
              "orderBy": "value",
              "orderByDirection": "desc",
              "query": "",
              "resultFormat": "table",
              "table": "incident",
              "type": "stats"
            }
          }
        ],
        "timeFrom": null,
        "timeShift": null,
        "title": "Open Incidents - Count by Assignment Group & State",
        "type": "table"
      },
      {
        "cacheTimeout": null,
        "datasource": "${DS_SN_SERVICENOW_SRIRAM}",
        "description": "",
        "fieldConfig": {
          "defaults": {
            "custom": {
              "align": null,
              "displayMode": "color-background"
            },
            "mappings": [],
            "thresholds": {
              "mode": "absolute",
              "steps": [
                {
                  "color": "green",
                  "value": null
                },
                {
                  "color": "#EAB839",
                  "value": 5
                },
                {
                  "color": "light-red",
                  "value": 10
                }
              ]
            },
            "unit": "none"
          },
          "overrides": [
            {
              "matcher": {
                "id": "byName",
                "options": "number"
              },
              "properties": [
                {
                  "id": "links",
                  "value": [
                    {
                      "targetBlank": true,
                      "title": "Open in service now",
                      "url": "https://YOURINSTANCEID.service-now.com/incident.do?sysparm_query=number=${__data.fields[number]}"
                    }
                  ]
                }
              ]
            }
          ]
        },
        "gridPos": {
          "h": 8,
          "w": 24,
          "x": 0,
          "y": 24
        },
        "id": 11,
        "interval": null,
        "links": [],
        "maxDataPoints": 3,
        "options": {
          "showHeader": true,
          "sortBy": [
            {
              "desc": true,
              "displayName": "count"
            }
          ]
        },
        "pluginVersion": "7.1.1",
        "targets": [
          {
            "refId": "A",
            "servicenow": {
              "fields": [
                "opened_at",
                "number",
                "short_description",
                "sys_created_by",
                "severity",
                "category",
                "state"
              ],
              "filters": [
                {
                  "condition": "^",
                  "field": "active",
                  "operator": "=",
                  "value": "true"
                },
                {
                  "condition": "^",
                  "field": "opened_at",
                  "operator": "BETWEEN",
                  "value": "$__timeFilter()"
                }
              ],
              "groupBy": [
                "assignment_group.name",
                "assigned_to"
              ],
              "limit": 25,
              "orderBy": "value",
              "orderByDirection": "desc",
              "query": "",
              "resultFormat": "table",
              "table": "incident",
              "type": "table"
            }
          }
        ],
        "timeFrom": null,
        "timeShift": null,
        "title": "AActive Incidents ( created within selected time range )",
        "type": "table"
      }
    ],
    "schemaVersion": 26,
    "style": "dark",
    "tags": [],
    "templating": {
      "list": [
        {
          "allValue": null,
          "current": {},
          "datasource": "${DS_SN_SERVICENOW_SRIRAM}",
          "definition": "list(incident,state)",
          "hide": 0,
          "includeAll": false,
          "label": null,
          "multi": true,
          "name": "State",
          "options": [],
          "query": "list(incident,state)",
          "refresh": 1,
          "regex": "",
          "skipUrlSync": false,
          "sort": 0,
          "tagValuesQuery": "",
          "tags": [],
          "tagsQuery": "",
          "type": "query",
          "useTags": false
        },
        {
          "allValue": null,
          "current": {},
          "datasource": "${DS_SN_SERVICENOW_SRIRAM}",
          "definition": "list(incident,assignment_group.name,active=true)",
          "hide": 0,
          "includeAll": false,
          "label": null,
          "multi": false,
          "name": "AssignmentGroup",
          "options": [],
          "query": "list(incident,assignment_group.name,active=true)",
          "refresh": 1,
          "regex": "",
          "skipUrlSync": false,
          "sort": 0,
          "tagValuesQuery": "",
          "tags": [],
          "tagsQuery": "",
          "type": "query",
          "useTags": false
        }
      ]
    },
    "time": {
      "from": "now-30d",
      "to": "now"
    },
    "timepicker": {
      "refresh_intervals": [
        "10s",
        "30s",
        "1m",
        "5m",
        "15m",
        "30m",
        "1h",
        "2h",
        "1d"
      ]
    },
    "timezone": "",
    "title": "Service Now Showcase",
    "uid": "service-now-showcase",
    "version": 1
  }